{"inputUnits":[34],"outputUnits":5,"inputs":{"0":{"dtype":"number","min":153.72162519607394,"max":469.82907360292546},"1":{"dtype":"number","min":17.357471309907254,"max":228.9395492583455},"2":{"dtype":"number","min":154.59865636992873,"max":473.79374721594024},"3":{"dtype":"number","min":7.900534587064442,"max":220.68041736387136},"4":{"dtype":"number","min":151.56751963594968,"max":462.86235489575716},"5":{"dtype":"number","min":7.470404492948944,"max":221.3276251482452},"6":{"dtype":"number","min":179.0914651524951,"max":485.80758434987206},"7":{"dtype":"number","min":14.844840720847799,"max":214.9762260332907},"8":{"dtype":"number","min":163.6067580433152,"max":451.34312263473896},"9":{"dtype":"number","min":12.580381397150646,"max":217.00816208391393},"10":{"dtype":"number","min":214.0356373926352,"max":475.8592453151651},"11":{"dtype":"number","min":69.76599739773695,"max":236.92881831416378},"12":{"dtype":"number","min":190.7083581995081,"max":410.84355345014006},"13":{"dtype":"number","min":68.88606675651803,"max":238.25708088121917},"14":{"dtype":"number","min":257.66527439883345,"max":561.590921204922},"15":{"dtype":"number","min":48.923141152305675,"max":314.06319601493965},"16":{"dtype":"number","min":173.53391115660787,"max":400.88421529729},"17":{"dtype":"number","min":98.15854910986232,"max":316.6476874695419},"18":{"dtype":"number","min":303.7084354155245,"max":626.6566006249619},"19":{"dtype":"number","min":34.76009257355628,"max":380.8382375616776},"20":{"dtype":"number","min":161.89207155104964,"max":422.6990644369441},"21":{"dtype":"number","min":60.47763638561463,"max":383.121361091123},"22":{"dtype":"number","min":259.2143495087503,"max":435.9258474011635},"23":{"dtype":"number","min":209.20229727761784,"max":364.075131183944},"24":{"dtype":"number","min":217.91947571157712,"max":416.15756802623963},"25":{"dtype":"number","min":199.52776418094743,"max":345.0473587601273},"26":{"dtype":"number","min":299.34010022797315,"max":424.9775121737177},"27":{"dtype":"number","min":259.51102684348183,"max":389.3548643472831},"28":{"dtype":"number","min":190.74622855084215,"max":396.96705481694687},"29":{"dtype":"number","min":298.2886099118238,"max":378.2406068173533},"30":{"dtype":"number","min":284.1357683624208,"max":431.8416162680464},"31":{"dtype":"number","min":308.0662563390899,"max":480.7941598873622},"32":{"dtype":"number","min":180.39517110783686,"max":428.922948409707},"33":{"dtype":"number","min":313.91363251743724,"max":487.6936028017635}},"outputs":{"0":{"dtype":"string","min":0,"max":1,"uniqueValues":["d","t","a","p","w"],"legend":{"d":[1,0,0,0,0],"t":[0,1,0,0,0],"a":[0,0,1,0,0],"p":[0,0,0,1,0],"w":[0,0,0,0,1]}}},"isNormalized":true}