{"inputUnits":[34],"outputUnits":5,"inputs":{"0":{"dtype":"number","min":143.51183826230886,"max":535.6921910217166},"1":{"dtype":"number","min":-1.237424140320428,"max":383.2636128624512},"2":{"dtype":"number","min":144.9906519839638,"max":542.9172365660788},"3":{"dtype":"number","min":0.6499471534297641,"max":374.91946512263183},"4":{"dtype":"number","min":141.565703155934,"max":537.3431151094492},"5":{"dtype":"number","min":0.5532256158006987,"max":374.4795467979029},"6":{"dtype":"number","min":161.11134356225443,"max":567.8695720352856},"7":{"dtype":"number","min":-3.1258700186746182,"max":364.7730342872426},"8":{"dtype":"number","min":136.4436459308944,"max":538.0366066975436},"9":{"dtype":"number","min":-3.3126926236217713,"max":369.48668957686095},"10":{"dtype":"number","min":157.5099595573678,"max":587.8577278836196},"11":{"dtype":"number","min":8.697751883642482,"max":378.6735086273728},"12":{"dtype":"number","min":140.8690030579446,"max":544.3837067304763},"13":{"dtype":"number","min":47.84586529053209,"max":391.9128507201434},"14":{"dtype":"number","min":154.27272804066916,"max":593.7489982143944},"15":{"dtype":"number","min":54.447810301306646,"max":430.34460710967954},"16":{"dtype":"number","min":140.82069025169804,"max":486.30793104859583},"17":{"dtype":"number","min":65.14691388165508,"max":422.0771721139056},"18":{"dtype":"number","min":158.09813248483758,"max":535.521799425865},"19":{"dtype":"number","min":55.53760640105307,"max":482.4411793015389},"20":{"dtype":"number","min":141.07422573989362,"max":470.53888807984583},"21":{"dtype":"number","min":62.59537843700505,"max":495.5018291510569},"22":{"dtype":"number","min":160.18552813613624,"max":592.6506771214059},"23":{"dtype":"number","min":46.977007235699915,"max":461.438537954587},"24":{"dtype":"number","min":142.0181832118341,"max":553.4364964297407},"25":{"dtype":"number","min":131.135612621642,"max":461.6884263542428},"26":{"dtype":"number","min":158.61334386160033,"max":576.0486056976615},"27":{"dtype":"number","min":95.2385156940066,"max":523.0915184095356},"28":{"dtype":"number","min":144.05905413116395,"max":564.2555382563124},"29":{"dtype":"number","min":131.56588429828366,"max":516.6685496250324},"30":{"dtype":"number","min":167.55952058015046,"max":558.947857667131},"31":{"dtype":"number","min":165.5698589600085,"max":561.3056124860083},"32":{"dtype":"number","min":153.48540486415692,"max":566.3045080828155},"33":{"dtype":"number","min":159.98412241945024,"max":557.8973665293197}},"outputs":{"0":{"dtype":"string","min":0,"max":1,"uniqueValues":["1","2","3","4","5"],"legend":{"1":[1,0,0,0,0],"2":[0,1,0,0,0],"3":[0,0,1,0,0],"4":[0,0,0,1,0],"5":[0,0,0,0,1]}}},"isNormalized":true}